UserID,UserType,Username,Email,Password
1,Therapist,therapist1,therapist1@example.com,password1
2,Therapist,therapist2,therapist2@example.com,password2
3,Therapist,therapist3,therapist3@example.com,password3
4,Therapist,therapist4,therapist4@example.com,password4
5,Therapist,therapist5,therapist5@example.com,password5
6,Therapist,therapist6,therapist6@example.com,password6
7,Therapist,therapist7,therapist7@example.com,password7
8,Therapist,therapist8,therapist8@example.com,password8
9,Therapist,therapist9,therapist9@example.com,password9
10,Therapist,therapist10,therapist10@example.com,password10
11,Therapist,therapist11,therapist11@example.com,password11
12,Therapist,therapist12,therapist12@example.com,password12
13,Therapist,therapist13,therapist13@example.com,password13
14,Therapist,therapist14,therapist14@example.com,password14
15,Therapist,therapist15,therapist15@example.com,password15
16,Therapist,therapist16,therapist16@example.com,password16
17,Therapist,therapist17,therapist17@example.com,password17
18,Therapist,therapist18,therapist18@example.com,password18
19,Therapist,therapist19,therapist19@example.com,password19
20,Therapist,therapist20,therapist20@example.com,password20
21,Therapist,therapist21,therapist21@example.com,password21
22,Therapist,therapist22,therapist22@example.com,password22
23,Therapist,therapist23,therapist23@example.com,password23
24,Therapist,therapist24,therapist24@example.com,password24
25,Patient,patient25,patient25@example.com,password25
26,Patient,patient26,patient26@example.com,password26
27,Patient,patient27,patient27@example.com,password27
28,Patient,patient28,patient28@example.com,password28
29,Patient,patient29,patient29@example.com,password29
30,Patient,patient30,patient30@example.com,password30
31,Patient,patient31,patient31@example.com,password31
32,Patient,patient32,patient32@example.com,password32
33,Patient,patient33,patient33@example.com,password33
34,Patient,patient34,patient34@example.com,password34
35,Patient,patient35,patient35@example.com,password35
36,Patient,patient36,patient36@example.com,password36
37,Patient,patient37,patient37@example.com,password37
38,Patient,patient38,patient38@example.com,password38
39,Patient,patient39,patient39@example.com,password39
40,Patient,patient40,patient40@example.com,password40
41,Patient,patient41,patient41@example.com,password41
42,Patient,patient42,patient42@example.com,password42
43,Patient,patient43,patient43@example.com,password43
44,Patient,patient44,patient44@example.com,password44
45,Patient,patient45,patient45@example.com,password45
46,Patient,patient46,patient46@example.com,password46
47,Patient,patient47,patient47@example.com,password47
48,Patient,patient48,patient48@example.com,password48
49,Patient,patient49,patient49@example.com,password49
50,Patient,patient50,patient50@example.com,password50
